essay_id,topic,text,label
1,Learner Corpus (Non-Native),"Plastic bags, while representing one of the most economical and convenient methods for packaging, carrying, and transporting various goods such as food and clothing, and occupying less space than alternatives like paper bags, are ubiquitous in modern life. However, the public often remains largely unaware of the myriad environmental and societal problems they pose. This essay argues that plastic bags ought to be banned due to their significant contributions to",non-native
2,Learner Corpus (Non-Native),"This phenomenon results in a global temperature increase, thereby instigating climate change. Climate change has intensified storms, altered weather patterns, exacerbated droughts, increased ocean acidification, and led to rising sea levels. Should these trends persist, the consequences could be catastrophic, profoundly impacting the well-being of humans, wildlife, and global ecosystems. Furthermore, the prohibition of plastic bags is warranted due to their detrimental effects on",non-native
3,Learner Corpus (Non-Native),"Animals can become entangled in plastic bags, leading to suffocation and drowning. Furthermore, plastic bags have detrimental effects on human populations. They can clog sewage systems and storm drains, resulting in severe flooding. Such flooding leads to the destruction of property and the loss of human lives. Moreover, flooding facilitates mosquito breeding and increases exposure to waterborne diseases, particularly as it can lead to the release of toxins into rivers. These combined factors contribute to serious public health issues. Improperly disposed plastic bags also pose a significant hazard to children. Approximately 20 children die annually from suffocation caused by plastic bags. Children can suffocate when playing with bags, for instance, by putting them over their heads, falling into them, or choking on them if swallowed. Overall, plastic bags exert profound negative impacts throughout their entire lifecycle, affecting human health, endangering animal populations, and contributing to changes in climate patterns. Therefore, a comprehensive ban on plastic bags is imperative before these detrimental effects become increasingly severe.",non-native
4,Learner Corpus (Non-Native),"The promotion of eco-friendly alternatives, such as reusable jute and cloth bags, is essential for fostering environmental sustainability. Over time, plastics have become an integral part of our daily lives, ubiquitous in items ranging from the smallest confectionery wrappers to large containers. Consequently, plastic bags are widely utilized globally due to their inherent convenience. Despite their numerous benefits, however, plastic bags represent a significant contributor to environmental pollution",non-native
5,Learner Corpus (Non-Native),"Studies have shown that over one trillion plastic bags are used worldwide annually. The disposal of these bags is a significant concern; if incinerated, they release harmful gases into the atmosphere, which can cause serious health issues upon inhalation. Furthermore, as plastic waste accumulates, it poses a threat to ecosystems, endangering both plant and animal life. For plants, the inability of plastic bags in the soil to degrade leads to a loss of soil fertility, significantly affecting plant yield. Similarly, when plastic bags are carelessly disposed of, animals such as dogs, cows, and cats may ingest them, leading to blockages in their digestive systems. This can result in a slow and premature death if not detected promptly. Plastic bags also pose a significant threat to marine life, wildlife, and human health. Given that most plastic bags disposed worldwide eventually end up in the sea if not accumulated on land, marine and wildlife, including birds, fish, and sea turtles, often mistake them for food and ingest them.",non-native
6,Learner Corpus (Non-Native),"As marine organisms consume plastic, it bioaccumulates through the food web, ultimately reaching humans who consume fish and other marine animals. Furthermore, plastic bags contain pollutants, such as polycyclic aromatic hydrocarbons (PAHs), which are known to disrupt human endocrine function, leading to hormonal imbalances. Consequently, the consumption of marine life that has ingested plastic waste can have severe health implications for humans, including serious diseases",non-native
7,Learner Corpus (Non-Native),"Furthermore, if the liquids flowing in these gutters are impeded from moving freely, they become stagnant, transforming into breeding grounds for harmful insects like mosquitoes. Individuals residing near these gutters, which, due to plastic bag accumulation, become breeding sites for harmful insects, consequently face significant health risks. For example, if young individuals are exposed to drainage systems that are clogged by plastic bags, leading to stagnation, mosquitoes will inevitably proliferate there, rendering these young people susceptible to malaria. Moreover, this not only threatens the health of these young individuals but also poses a threat to the national economy, as affected individuals will require time off work if diagnosed with malaria. Consequently, this leads to reduced productivity, thereby destabilizing the nation's economy. In conclusion, although the widespread use of plastic bags poses a significant threat to society, the issue remains largely overlooked and underestimated.",non-native
8,Learner Corpus (Non-Native),"This situation arises from an insufficient critical analysis of the long-term effects of these conveniently portable plastic bags. Furthermore, their widespread use persists globally, largely owing to their inherent convenience. These bags do not fully biodegrade, indicating that as long as their production and introduction into the environment continue, plastic pollution and its associated detrimental effects will escalate. Consequently, a ban on plastic bags is imperative to safeguard the environment and the planet.

Individuals often prioritize convenience in their daily lives, whether at home, in the workplace, or in any other setting. Driven by the pursuit of convenience within the business sector, plastic bags, which are derived from crude oil, have been widely adopted owing to their ease of packaging and inherent durability. Consequently, plastic bags are ubiquitous, largely due to their affordability, durability, and the convenient packaging solution they offer for both businesses and consumers.",non-native
9,Learner Corpus (Non-Native),"Despite the numerous important uses of plastic bags, the environmental threats they pose cannot be overlooked. Plastic bags have been recognized as one of the primary causes of environmental degradation in recent years, largely due to their pervasive abundance. The three principal harms inflicted by plastic bags upon the environment include the endangerment of lives, environmental pollution, and soil contamination. Specifically, one significant harm caused by plastic bags is the endangerment of both human and animal lives. According to a research study by the United Nations (UN), plastic annually kills over 1.1 million seabirds and marine animals, including whales, dolphins, turtles, and penguins. Furthermore, it is estimated that more than 90 percent of all birds and fish have ingested plastic particles. Compounding this issue, even after the death and decomposition of these animals, the ingested plastic particles remain intact. Consequently, other animals may ingest these persistent particles, leading to further fatalities, given that plastics decompose over an extremely protracted period.",non-native
10,Learner Corpus (Non-Native),"A study on environmental pollution indicates that the average person ingests approximately 70,000 microplastic particles annually through food, posing a significant threat to human health. A second major detrimental effect of plastic bags is their pervasive contribution to environmental pollution. The entire lifecycle of plastic bags, from manufacturing to disposal, poses significant environmental toxicity. Research indicates that a single plastic bag can take between",non-native
11,Learner Corpus (Non-Native),"Plastics break down into smaller particles within the soil, thereby impeding plant growth. Furthermore, owing to their non-biodegradable nature, plastic wastes are often burned for disposal. However, the chemical constituents of plastic bags lead to the release of toxic chemicals into the soil, rendering it less fertile for agricultural purposes.

In summary, rapid population growth continues, which consequently escalates the",non-native
12,Learner Corpus (Non-Native),"There are numerous advantages and disadvantages associated with the use of plastic bags. Among these are the following:

Firstly, a major advantage of plastic bags is their capacity to provide a secure means for transporting necessary items. A primary justification for employing plastics in bottles for water and other beverages, for example, is their ability to ensure product safety. This characteristic is crucial for facilitating the delivery of potable water to vulnerable populations globally.

Secondly, plastics occupy less space in landfills. Although plastic materials require a significant amount of time to decompose, the volumetric space they occupy in waste disposal areas is minimal compared to other materials. For instance, paper products can take up to seven times more volume.

Thirdly, some plastics possess a long lifespan, which encourages their reuse. Plastics need not be considered single-use products or treated as disposable waste.",non-native
13,Learner Corpus (Non-Native),"Many forms of this material possess a long lifespan, frequently exceeding or equaling that of other materials. Despite the numerous advantages associated with plastic bags, they also present significant disadvantages, which necessitate their prohibition. Key among these disadvantages are:

Firstly, plastic pollution significantly harms marine environments. Ecowatch estimates that approximately 10 metric tons of plastic products, including grocery bags, are discharged into the ocean daily. Chemicals leaching from these bags contaminate the ocean, are ingested by marine animals, and can subsequently be transferred to humans through the food chain.

Secondly, plastic products exhibit extremely slow decomposition rates. Compared to organic materials, plastics degrade at a significantly slower pace; for instance, common plastic bags require approximately ten years to decompose naturally.

Finally, the recyclability of plastic products is inherently limited. Unlike metals, which can be recycled numerous times into a variety of products due to their inherent material properties, plastics often degrade in quality with each recycling cycle, thereby limiting their potential for infinite reuse.",non-native
14,Learner Corpus (Non-Native),"Plastic, however, does not offer the same opportunities for reuse. It can only be reused a limited number of times before its quality degrades. Consequently, this often leads to downcycling or disposal in landfills. Overall, plastic bags cause more harm than good to humanity, necessitating their prohibition. It is imperative to preserve our environment to promote a high quality of life, which can be achieved by avoiding the",non-native
15,Learner Corpus (Non-Native),"Beyond their primary benefits to humanity, plastic bags also pose significant problems for both humans and the environment. Consequently, there are compelling reasons to advocate for a ban on plastic bags. Presently, plastic bags are ubiquitous. This is primarily because they do not truly decompose; instead, they merely break down into smaller fragments, often found in water bodies. They also obstruct street drains in many urban areas and litter national parks and residential areas, causing widespread environmental and aesthetic issues. Moreover, plastic bags are a major product of the petrochemical industry. This process involves the transformation of fossil fuels, extracted from shale and other geological formations, into resin pellets. These pellets are then used to manufacture an increasing volume of plastics, which are often designed for single use and subsequently discarded.",non-native
16,Learner Corpus (Non-Native),"Perforation contaminates water, soil, and air with toxins. Moreover, it generates underground activities that can collapse into sinkholes and elevates pressure within rock formations, leading to their destabilization and potentially triggering earthquakes. These consequences pose significant threats to both human populations and the natural environment. Furthermore, plastic bags have become a significant factor in human fatalities. The detrimental effects of plastic bags on wildlife,",non-native
17,Learner Corpus (Non-Native),"Factories that manufacture new products from plastics are often configured to process only specific resin types; furthermore, even resins designated with the same numerical code cannot always be co-recycled. Moreover, plastic bags, particularly used polyethylene bags, are frequently discarded in the environment, where they can obstruct drainage systems and create stagnant water, thereby providing breeding grounds for mosquitoes. They also become embedded in the soil,",non-native
18,Learner Corpus (Non-Native),"While plastics offer considerable utility in various applications such as packaging, storage, and containment, their environmental persistence poses a significant challenge. As a substance, plastic remains in the environment for hundreds of years, leading to immense pollution. This longevity hinders plant growth, contributes to the demise of living organisms, and exacerbates natural disasters like flooding. Therefore, a ban on plastic bags could be instrumental in safeguarding our planet",non-native
19,Learner Corpus (Non-Native),"Moreover, plastic bags significantly impede plant growth. Numerous plants that once thrived naturally are now perishing due to the pervasive presence of plastic bags in the soil. Consequently, organisms such as mushrooms and snails are no longer prevalent in these areas. Furthermore, plastic contamination tends to destroy beneficial soil-dwelling organisms, including worms, ants, and other insects, which are crucial for soil enrichment. Their demise subsequently",non-native
20,Learner Corpus (Non-Native),"In conclusion, the environmental impact of plastic bags is profound, encompassing pollution, disposal challenges, harm to living organisms, and contributions to natural disasters such as flooding. Consequently, their prohibition is advocated. Public education initiatives are crucial for raising awareness about the detrimental effects of plastic bags within communities. Individuals must also consistently reinforce their understanding of these harmful effects, thereby fostering a gradual transition towards habitual avoidance of plastic bags",non-native
21,Learner Corpus (Non-Native),"Therefore, if the government decides to implement a ban on plastic bags, a significant controversy is highly probable. This essay will discuss the reasons why plastic bags should be prohibited. Plastic bags ought to be banned due to their detrimental effects on individual and societal health. During their production, toxic materials and chemicals are released into the atmosphere, contributing to airborne diseases. Furthermore, plastic bags pose a risk of choking and suffocation, particularly among children, potentially resulting in fatalities. Owing to their flexibility and thinness, they are easily torn, and even small fragments, if ingested, can become lodged in the throat or digestive tract, leading to serious health complications. Consequently, the widespread availability of plastic bags constitutes a significant health hazard to humanity and society.",non-native
22,Learner Corpus (Non-Native),"Also, plastic bags need to be banned because they are a major source of waste in our society. Plastic bags form approximately forty five percent of our total plastic waste, and has proven to be one major cause of littering in our society. This causes environmental pollution and can lead to the occurrence of natural disasters such as floods, since plastic bags are light weighted and are easily carried away by the wind into our gutters and sewage channels, choking them and preventing smooth flow of water. Another reason why plastic bags should be banned is because of its negative effects on the lives of marine and land animals. Most animals dwelling in the sea and other waterbodies are being endangered due to the presence of plastic bags in their habitats. These animals consume plastic bags that sink to the bottom of the sea, thinking they are food. turtles, crocodiles and fishes are victims of these situations.",non-native
23,Learner Corpus (Non-Native),"Although plastic bags are harmful, they have benefits such as easy packaging and transportation of goods. Plastic bags should still be banned because they put the lives of these animals in danger. In conclusion, plastic bags should be banned because they are harmful to the health of man and society, they are a major source of waste, and they also put the lives of animals in danger. Plastic bags must be banned to prevent all these problems, and even if they are still in use, they should be properly disposed of to help create a cleaner and safer society. UGCD-8 As much as there are many countries that have banned the use of plastic bags, many organisations are against this idea because is very durable. But the question is because of it durability do we sit back and watch as we suffer it consequences certainly not. In this country , our major problem with plastic bags is how it is disposed.",non-native
24,Learner Corpus (Non-Native),"With all the effort put in place to solve this problem has been in vain due to the high level of illiteracy. In our criminal offence Act, it is an offence to throw rubbish on the street. Section 296 clearly states that whosoever goes against this should be asked to pay a fine not exceeding two hundred thousand cedis irrespective of the place or town it happened. These are some reasons why plastic bags should be banned; to save the soil and the environment we live in ,plastic bags are harmful to terrestrial and aquatic lives, prevent run off water from draining and also causes illness to humans. In order to save the soil and environmental plastic bags should be banned. Plastic takes about 500 years in the soil before it decomposes. It therefore makes the soil less fertile since it slowly releases harmful and poisonous substances into the environment.",non-native
25,Learner Corpus (Non-Native),"When they are burnt they kill the microorganisms in the soil that play a role in decomposing organic matter , recycling nutrients and fertilising the soil for the development of healthy soil structure. Plastic bags are harmful to terrestrial and aquatic lives hence it should be banned. Terrestrial animals like goat, cow and sheep’s during feeding pick up plastic bags plastic bags take a long time to decompose they become harmful to these lives once they enter the digestive system of these terrestrial lives. The plastic bags also makes the animals feel full and starve to death. These animals suffer intestinal obstruction with leads to a slow and painful death. Plastic bags found along the shores has reduced turtle production hence should be banned. Another reason why plastic bags should be banned is that it prevents run off water from draining .When this happen, during a heavy rainfall the water cannot flow as it should because plastic bags get chocked at a place stops water from flowing.",non-native
26,Learner Corpus (Non-Native),"This has been the cause of numerous floods cases in the country. Many people lose their properties to flood and other lose their lives. Again, plastic bags should be banned because it is the cause of illness to humans . When hot foods are served in plastic bags toxics are released into the food which cause illness. Also when waste plastic bags trap sewers during rains the environment becomes polluted which leads to the spread of various diseases like cholera and diarrhoea. When plastic bags are banned gradually we will become use to not using it and sort for other alternative like the cloth bag this would help protect our environment. UGCD-9 In Ghana and other parts of the world, plastic is a very common and widely used material. Over 80% of the world’s population uses plastics as part of their daily living and activities they engage themselves in. Plastics can be described as organic materials, plastics is the term commonly used to describe a wide range of synthetic or semi synthetic materials that are used in a huge and growing range of application.",non-native
27,Learner Corpus (Non-Native),"But in every situation we have the negative and positive sides, and plastics also have their pros and cons on human lives and their environments as well. This write up is going to be based on the topic ‘Plastics Bags should be banned’ which I am going to discuss and also raise points for the need of public awareness and safety. First of all, there are many benefits we get from plastic bags and one of these benefits we get is that plastic bags contribute greatly to our economy. As we are all aware of the great demand of plastics in our country, Ghana and worldwide, there are companies which are established for the production of these plastic bags and because of the high demand, these companies also pay taxes to the government and even individuals who also some amount of taxes to the government indirectly by their purchasing of these bags.",non-native
28,Learner Corpus (Non-Native),"These taxes help the government to get more income in their administration of the country, as these monies are used by the government in providing social amenities such as water, electricity, and so forth, providing basic facility such as: hospitals, clinics and so forth to mention for the betterment of citizens and the country at large. Secondly, the production of plastic bags also serve as source of employment for the youth. The plastic bags industries in Ghana have employed over 50% of the youth who works and get paid as work as producers and others too as suppliers. This has really help reduce the rate of unemployment in our societies and the country as a whole. Also, though plastic bags has it importance and benefits, the same way it also has it disadvantages or bad side effects on us and our environment as large. One of the commonest disadvantage is that, it is hard to decompose.",non-native
29,Learner Corpus (Non-Native),"Plastic bags are materials which take a very longer time to decompose and does not even help in soil fertility as our country as our country is best known for agriculture activities. Growing of crops becomes difficult when the soil is not fertile and more over packed with plastic bags. This may even reduce the high rate of food and crop production which may highly affect human life and even animals. Furthermore, plastic bags cause pollution in our environment. Each individuals daily activity contribute to usage of plastic bags and due to the inappropriate way of we keeping them after use, it is then discarded into our water bodies, surroundings and our gutters and pollutes them. This makes our water bodies unhealthy for aquatic lives and humans as well, it also makes our surroundings unclean and contributes greatly to the outbreak of diseases and our gutters also become chocked for the flow of water which may cause flooding.",non-native
30,Learner Corpus (Non-Native),"More often too, they not renewable. After its use we cannot replace them. In conclusion, plastic bags should be banned as its disadvantages outweigh the advantages and also cause more harm than good to human lives and our environment. UGCD-10 Plastics have become an entrenched part of our lives since their introduction in the 50s. Plastics are used for constructional purposes, manufacturing of electronic products, equipment, furniture and bags. The usage and disposal of plastic bags are a matter of great controversy with countries such as Rwanda banning the use of the plastic bags in 2008. The negative effects plastic bags outnumber the positive effects and hence should be banned. Plastic bags have an adverse effect on both terrestrial and aquatic bodies. From the United Nations (UN) environment document reposition, 1 to 5 trillion plastic bags are produced annually with less than 5% of the amount being recycled. The rest of the plastic bags produced are either dumped at landfills where they decompose or are incinerated, releasing toxic chemicals into the environment.",non-native
31,Learner Corpus (Non-Native),"Also, the light and buoyant nature of plastics makes it easy for plastic bags to end up in the ocean. In the ocean, plastic bags decompose into tiny plastics called microplastics from exposure to sunlight and air. These microplastics kill oceanic creatures that feed on them. Furthermore, plastic bags clog drains resulting in floods. As mentioned earlier on, plastic bags are light and buoyant in nature and as such easily find their way into waterways where they collect and eventually clog water paths. In 2002, Bangladesh banned plastic bags after reports had shown that the flood in July of that year was aided by plastic bags that had clogged the drains. From the UN environment report, Kibera, a large informal community in Kenya has seen a significant change in the flow of water in the drains after the ban of plastic bags in Kenya. As much as plastic bags have adverse effects on the environment, alternatives to plastic bags are not safe either.",non-native
32,Learner Corpus (Non-Native),"Research conducted by the United Kingdom environment agency in 2011 states that, ""It takes more than four times as much energy to manufacture a paper bag as it does to manufacture a plastic bag"". To produce paper bags, forest trees are felled, cut and heated under pressure at high temperatures. This process harms the environment as trees are felled and toxic chemicals that cause air pollution and water pollution are used. Plastic bags, however, are produced from the waste product of oil refining. In conclusion, it can be observed that both plastic bags and alternatives are harmful to the environment although the harm caused by plastic bags is significantly greater as such plastic bags should be banned. UGCD-11 How many plastic bags are being used around the world this very minute? It is obvious you don’t instantly know the answer but just keep the thought for a while. Plastic bag, a seemingly simple invention by the Swedish engineer Sten Gustaf Thulin in the 1960s has now become a completely ubiquitous product.",non-native
33,Learner Corpus (Non-Native),"Undoubtedly, plastic bags are used by almost every individual on the globe and have become part of our modern lives. These plastic bags provide a convenient way of carrying purchased goods. However, for each plastic bag used, our planet, human life and nature suffers a great deal of harm. This essay talks about why plastic bags should be banned. First, plastic bags are made from non-renewable sources and contribute to wastage of energy and climate change. More often than not, we are always told to save or conserve energy. This is because energy conservation is good for our environment, health and global climate. Unfortunately, anytime we accept plastic bags, we take part in wasting energy and depleting non-renewable resources. Most plastic bags are made from polythene. This substance is extracted through crude oil refining and natural gas processing. Crude oil and natural gas are fossil fuels or non-renewable energy sources whose extraction and production emit greenhouse gases into the atmosphere contributing to global climate change.",non-native
34,Learner Corpus (Non-Native),"Also, producing plastic bags is energy intensive. According to 1bagatatime.com, about 8 to 10 percent of the global oil supply is used to make plastic and “to produce nine plastic bags, it takes the equivalent energy to drive a car one kilometer”. as stated by greentumble.com. This goes a long way to show that plastic bags are greatly contributing to wastage of energy and climate change and should therefore be banned. Also, plastic bags pollute our environment. All around us, we see plastic bags lying along our roads, choked in our gutters, flying in the air, floating on water bodies and even on our beaches. Most often, plastic bags are not properly disposed and eventually find their way into the soil and water bodies. These plastic bags even though lightweight and small, end up clogging our water bodies and releasing dangerous chemicals which pollutes these water sources. Similarly, these plastic bags also release some toxins into the soil causing land degradation.",non-native
35,Learner Corpus (Non-Native),"A clear reason to ban this product. Additionally, plastic bags are very harmful to marine life and human health. The sea, originally meant for aquatic life, is now being filled with plastic bags due to its excessive usage and improper disposal by man. These floating plastic bags in the ocean resemble food to some sea creatures. As such, these sea creatures such as sea turtles and fish end up consuming these plastic bags leading to their death. The chemicals in these plastic bags are released into the bodies of these aquatic life. These dead aquatic life are in turn consumed by human beings as seafood. This contaminated food releases harmful chemicals into our bodies and affects our health. As such, the earlier we ban plastic bags, the better for us. Worst of all, these plastic bags never really break down and are difficult to recycle. Plastic bags may take up to 1,000 years or never to completely decompose into natural environment.",non-native
36,Learner Corpus (Non-Native),"In addition, most recycling facilities are not able to recycle plastic bags due to its tough nature of its components. Therefore if not banned, plastic bags will continue to cause more harm than good to us. Banning plastic bags will mean finding a similarly convenient bag to carry purchased goods. Fortunately, there are various alternatives available including jute bags, canvas or cotton bags, basket bags, string bags among others. These alternatives are reusable, convenient and safe. After almost four score years of using plastic bags, our world and our lives have been negatively affected by the use of plastic bags and there is no better time to ban it than now. Why? Well, if you care to know, this answers my very first question - There are about 10 million plastic bags being used this very minute around the world. UGCD-12 Swimming in the ocean some decades ago was refreshing and relaxing.",non-native
37,Learner Corpus (Non-Native),"Until 1979, when plastic bags were introduced, since then, swimming has become a tug of war between the swimmer and plastic bags . They are everywhere, underground in the oceans , in the gutters, and dump sites . They are made from polythene which is obtained from petroleum. These bags take a thousand years to decompose, hence they literally last forever. Given how many plastic bags are on earth and how long they take to decompose, it will never be gotten rid of unless it is banned . Some of the reasons why plastic bags should be banned is that they prevent plants from growing, they choke gutters and they are toxic for aquatic life. To begin, plants germinating will not be able to germinate when they end up under plastic bags underground. If they grow under these plastic bags that get buried underground, their growth is stunted or halted all together.",non-native
38,Learner Corpus (Non-Native),"They slowly block sunshine from getting to the seed and entangle the germinated ones . Due to how long the plastic bags take to decompose, unfortunate seeds that end up beneath them never germinate . Secondly, plastic bags that end up in gutters choke it and prevent the contents from flowing freely to their designated destinations. The plastic bags that people litter around mostly end up in gutters that rarely get cleaned ,hence they pile up and choke the gutters. Since the plastic will not decompose soon ,they choke the gutters and when it rains . The inability of the rain water to flow will cause floods. Thirdly, plastic bags that end up in water bodies become toxic for aquatic life like fishes that mistake it as food. Fishes mistake plastic bags as food , these bags when ingested are detrimental to the health of the fishes . This does not only happen to fishes, other aquatic life like turtles and octopuses also suffer a similar fate, they mostly ended up getting entangled.",non-native
39,Learner Corpus (Non-Native),"They have little chance of detangling themselves , since this predator is new to them. When unable to detangle themselves they get asphyxiated and die . To end, the banning of plastic bags should not be argued , since they prevent plants from growing, they choke gutters which in turn leads to floods and they are toxic to aquatic life . The purpose these plastic bags serve is not enough to exchange precious resources for. UGCD-13 Plastic is a type of container made of thin flexible plastic film. Plastic bags were invented to save the planet as trees were being chopped down to produce paper bags in the early years of 1959. While durable and energy-efficient in production, plastic bags deteriorate our environment, destroying the ecosystem because it causes a lot of land and water pollution, causing an untimely death of many animals, which in turn causes air pollution and poses negative impacts on human health.",non-native
40,Learner Corpus (Non-Native),"Plastic bags deteriorate our environment, destroying the ecosystem because it causes a lot of land and water pollution. Plastic bags are difficult to recycle or breakdown and usually end up on the surface of water bodies and in the soil. This causes a large mass of pollution since they are non- biodegradable hence, making it a challenge to completely dispose of. Additionally, it causes an untimely death of so many animals, which in turn causes air pollution. Larger pieces of plastic satisfy the hunger of creatures, as these plastic bags usually find their way around their food, making them eat less and very weak as a result. The plastic bags then blocks their gastrointestinal tract, making the plastic not eligible for excretion. This then causes great damage to their system and untimely death in most cases, not forgetting air pollution as the animal, especially those on land decompose. Finally, plastic bags poses a negative impact on human health.",non-native
41,Learner Corpus (Non-Native),"Though plastic bags are good for branding and promoting the businesses of humans, it causes great harm to them as well. The plastic bags when being produced release a lot of toxic chemicals such as benzene and vinyl hydrochloride into the atmosphere, which are known to causes cancer, and other chemicals which makes the soil infertile. These same plastic bags then clogs drains and sewers, especially during the rains. This causes floods, turns the flooded drains and sewers into breeding places for dangerous insects such as the female anopheles mosquitoes, which are famous for their transmission of the malaria parasites, which then develops into malaria in the system of humans through a single bite. Thus, while plastics are durable and energy-efficient in production, plastic bags should be banned. This is because, it deteriorates our environment destroying our ecosystem, causes a lot of land and water pollution, also causes an untimely death of so many animals which in turn causes air pollution, and finally poses a negative impact on the health of humans.",non-native
42,Learner Corpus (Non-Native),"Banning plastics is going to preserve the lives of both humans and animals, and make our environment free of non- biodegradable wastes. UGCD-14 In our daily life, we cannot do away with goods hence calls for the selling and buying of goods. Plastic as a substance is non-biodegradable and thus plastic bags remain in the environment for hundreds of years polluting it immensely. Many countries around the globe have either put a ban on plastic bags or Levi tax on it. This is the most common form of packaging used worldwide. However, plastic has been a source of revenue in some cases for some countries yet the problem plastic brought to bare hasn't been solved completely because the implementation of these measures hasn't been successful. There are numerous reasons the government of various countries have come up with strict measures to limit the use of plastic bags. Plastic bags have being a pollutant to land and water immensely, chemicals from plastic bags destroying soil fertility, posing danger to human life, plants and animals both on land and water.",non-native
43,Learner Corpus (Non-Native),"First and foremost, plastic has been a major cause of land and water pollution. Water bodies as well as land has been a source of survival for man and a means of transportation and shelter. However, some activities such as burning and dumping of plastic has been one of the major causes of making these waters and lands unsafe for living and interbreeding by some organisms. Marine animals mistaken plastic bags as food and when taken clogs their intestine and leads to slow starvation. Measures must be put in place to ensure the rejection of the use of plastic bags and adopt other forms of wrappers. To continue, chemicals released by plastic bags enter the soil and destroys it's fertility. Plastic bags are non-biodegradable but are rather photodegrade thus, breaking into more smaller toxic bits. As it breaks down, plastic particles contaminate the soil and enter the food web when animals ingest them.",non-native
44,Learner Corpus (Non-Native),"Most plastics are made from petroleum and natural gas which are non-renewable. Plastics on the other hand can block roots from extending to reach out for more water and nutrients for the plant. Soil fertility is of great importance and plastic bags can imorder plant growth through certain withholding factors in the soil. Plastic bags have a negative impact on human health. There have been several cases of humans finding tiny plastic particles in their faeces. This is not surprising but this is detrimental to human health. Plastic bags and their products are very harmful to human health, even though most of our food are packaged in them. This affects the health of the kidneys and disrupts the proper functioning of other organs in the body. To conclude, when plastic bags are ban, we can appreciate a steady flow of life and greater heights at all sectors of life. Fast forward, the stated consequences above would be curbed and adhered to.",non-native
45,Learner Corpus (Non-Native),"Notwithstanding the fact that plastic is a great source of revenue for some countries who could wrap their ways around it, plastic bags should be banned and replaced with new forms of packaging. UGCD-15 Plastic bags have been useful in our communities and marketplaces for decades. It has provided easy and cheaper means to handle purchased goods from the marketplaces, malls and even our restaurants. But at the same time threatens our vegetation, marine lives, birds and our environment specifically, our drainages. Plastic bags should be banned for various reasons. The reasons span between; pollution attraction; wildlife threatened; food poison; groundwater pollution; accumulated garbage; and associated cost. Although plastic bags have multi- facetted purposes, it will serve us well if they are banned and substituted for alternatives, because they coherently pose pollution to the world. These products contain chemicals such as bisphenols, and flame retardation which relatively assist in their rigidity and flexibility respectively.",non-native
46,Learner Corpus (Non-Native),"Sometimes, these oily and poisonous substances repel water but stick to petroleum base substances at prolong accumulation in the water bodies and the oceans. In fact, another reason why it is prim to ban plastic bags is to protect wildlife. Basically, I have witnessed three dogs at different instances running and screaming because a plastic debris was left hanging in their anus as they tried to defecate and the dogs were left scared and almost dead as a result. Because of hunger, some of these vulnerable wild and domestic animals fall prey to these entangled bags in our homes or forest. And in the process of food chain, animals which feed on these improperly disposed bags end up passing on to their young ones. On another scale, plastic bag banning is reasonable because it causes food poisoning. When aquatic animals in their habitats ignorantly feed on these trapped plastic bags containing harmful chemicals that are not biodegradable, they also transfer to other living organisms such as humans that depend on them for food.",non-native
47,Learner Corpus (Non-Native),"It also gets trapped in the digestive tract of the fishes that mistaken them for food. But the highly vulnerable ones lose their lives and the surviving ones transfer whatever they carry. Over centuries, all living creatures have depended on water for survival. It will interest you to know how these bags have had a negative impact on the groundwater we use as a universal solvent (mineral water). When rain water and other water sources become contaminated by these bags, they wash down and sip to affect ground water. If this useful but harmful product is not banned, we as a third world country with little income will be impeded by a water contaminated pandemic. Finally, the cost of plastic waste management is substantial and detrimental to economic growth and our national coffers. So, the ban of plastic bag will be beneficial in spite of the loss of jobs and income to some people in the country and the world.",non-native
48,Learner Corpus (Non-Native),"The reasons raised so far expose the negative effects posed by the bags, so we go for banning else we will one day be engulfed by the rubber plastic pandemic. Nobody in the world want to see another pandemic again. UGCD-16 In recent times, the rate at which the land, water bodies and the environment as a whole gets polluted is very alarming and there is no doubt that plastic bags constitute a greater part of these pollutants. Plastic bags are containers that have been made in order to help with the transportation and packing of purchased goods. These plastic bags are very cheap and are widely used across the country. They form part of our day to day life and give nice packages to our purchased goods. Although plastic bags have advantages, their disadvantages cannot be overlooked. To begin, plastic bags helps humans in their trading activities. Due to the light weight of plastic bags, they are easily transported and distributed.",non-native
49,Learner Corpus (Non-Native),"Also, the low cost of these plastic bags have increased the rate at which they are being purchased. This is due to the fact that very few materials are needed in producing these plastic bags. The durability of these plastic bags have made it possible for them to be used over and over used again. To crown it all, due to its ability to resist water, they protect and keep your things safe for a long period of time. Nonetheless, plastic bags pose a threat to the humans and environment as a whole. When these plastic bags are not properly disposed, they destroy the environment. Plastic bags thrown in drainage systems choke them and make them breeding places for mosquitoes. When it rains heavily, the choked gutters overflow their boundaries and cause flooding which in turn destroy lives and property. Plastic bags which successfully swim into through the drainage systems flow into the sea where they are mistaken for foods by aquatic animals.",non-native
50,Learner Corpus (Non-Native),"Due to the inability of their body to digest these plastic bags, they end up dying. The burning of these plastic bags also release harmful chemicals into the air causing air pollution. And this can lead to other respiratory diseases. Although plastic bags have caused a lot of harm, it is the improper disposal methods being practiced by the people that has led to that. The people should be educated on the proper and effective ways of dealing with their plastic bags. Also recycling of these plastic bags should be encouraged. And proper alternatives for solving this problem should be devised rather than placing a ban on plastic bans. This will help make the people more disciplined. In conclusion, I think other alternatives should be used to solve this problem rather than placing a ban on plastic bags. Although they have caused harms, their positive contributions cannot be overlooked. UGCD-17 Conserving the environment is an important aspect that every nation needs to prioritize.",non-native
51,Learner Corpus (Non-Native),"Plastics are everywhere in our environment. The use of plastic bags is an effective way of transporting items due to its durability and it’s convenience. However, the convenience of these plastic bags comes at a very high cost to the environment and negatively affects human health. Plastic bags should be banned because it causes illnesses in both humans and animals, causes environmental pollution such as soil and water pollution. Despite the importance of plastics in our every day lives, it should be banned because it poses a threat to human and animal lives. The use of plastic bags to heat food in the microwave cause the release of toxins to the food in it. Upon consumption by humans, it can cause diseases such as cancer, asthma and ulcer. Many times, these bags are mistaken for eatables by birds and animals. The plastic which is consumed by these species will then congest their digestive tract often leading to health problems like infections or even death.",non-native
52,Learner Corpus (Non-Native),"Also, plastic bags should be banned due to the harmful effect on the soil. Plastic bags are harmful because they tend to disrupt the environment in a serious way. They get into the soil and slowly release toxic chemicals. When these plastic bags get infiltrated into the soil, they occupy the underground and avoid the uptake of minerals by the plants. This tends to make the soil infertile and hence affects agriculture. Beside the adverse effect plastic bags has on human health and the soil, it also causes water pollution. Plastic bags can clog our waterways and is also harmful to in for the aquatic life . These toxic contaminate the waterways. They then enter the food chain as animals ingest them. Plastic bags should be banned as they pollute our water bodies and are dreadful to marine life as well . There is the need for people to be educated on the need to ban the use of plastic bags.",non-native
53,Learner Corpus (Non-Native),"It’s only when people really understand as to how plastic ends up creating damage to the environment which may jeopardize their life or those of the future generation, they may be inclined to do their bit and follow he ban on plastic bags seriously. To conclude, plastic bags are non – biodegradable which means that they do not decompose easily. This makes their disposal a huge challenge. Burning them does not help as it releases poisonous gases into the atmosphere. For this reason, plastic bags should be banned because, it poses a threat to both human and animal lives and has an adverse effect on our soil and water bodies. UGCD-18 Bags come in different forms, sizes and colours. They are used in the packaging of food and transporting groceries. The commonest form is the plastic bag also known as poly bag. Most plastic bags are made from polyethylene. The use of plastic bags were introduced in supermarkets in 197.",non-native
54,Learner Corpus (Non-Native),"Plastic bags can be plain, coloured and of different sizes. Despite they being cheap and convenient to use, plastic bags are gradually destroying the environment and have therefore been banned in countries like China, Italy, Kenya and South Africa. Plastic bags should be banned globally to protect our environment. To begin, plastic bags are a major cause of deaths in aquatic organisms. According to San Francisco marine officials, 370 autopsies were carried out and one in every three leatherback turtles had some form plastic in them. These organisms mistake these pieces of plastic bags for food. Once they get into their digestive systems, their tracts get blocked and they gradually die because of the toxic materials present in plastic. Not only animals are destroyed, but aquatic plants as well. This also goes a long way to affect human lives as majority of humans depend on these aquatic organisms for food(fish for protein).",non-native
55,Learner Corpus (Non-Native),"Furthermore, plastic bags destroy the ecosystem. Plastic bags pose a high risk of danger to the ecosystem right from its production to throughout its lifespan. The production of plastic releases dangerous chemicals into the atmosphere and since they cannot be easily recycled, burning them also releases harmful gases into the air. This leads to pollution of the air and the greenhouse effect which may have negative effects on plant and animal life. Moreover, plastic bags destroy the soil. Plastics are made of very harmful chemicals. Worldwide, plastic bags are not disposed of properly. Because of their lightness they may get stuck in the soil and as time goes on, harmful chemicals from the plastic are released into the soil. This causes the soil to become infertile making it unfavourable for plant growth and in the long run affect food production and harming human lives. Organisms within the soil are also killed.",non-native
56,Learner Corpus (Non-Native),"In addition to destroying the soil, plastic bags may cause certain infections in humans. When hot foods are placed in plastic bags, the heat makes way for chemicals within the plastic to be absorbed into the food. This may cause different kinds of cancer, heart diseases and eventually death as humans consume them without knowing. In summary, plastic bags should be banned because they are a major cause of deaths in aquatic organisms,, destroy the ecosystem and the soil and also cause diseases in humans. There should be public education on the harmful effects of plastic bags on the environment, legislations must be put in place to check their use and alternative forms of packaging must be provided. Although it may take a long time before plastic bags are finally out of our world, this dream is possible and the environment must be protected at all cost. UGCD-19 In today’s world, plastic bags are widely used in every part of the world.",non-native
57,Learner Corpus (Non-Native),"We use them in our day to day activities for containing and transporting goods. Although plastic bags have become an essential part in our lives, it is causing more harm than good. It has therefore become very necessary to ban the use of it before we get buried under the growing pile of non- biodegradable plastic bags. Plastic bags should be banned because they destroy the environment by clogging sewage and polluting the environment and causing diseases in humans. One of the damaging effects is the clogging of drains and sewers. This is caused by waste material that has been trapped in the drains or sewers. And these waste materials are mostly made up plastic waste bags. This usually prevents the water from flowing and a stagnant water is therefore created. Stagnant water serves as a breeding place for mosquitoes which causes malaria in humans. Apart from this, clogged sewages can result in an overflow during heavy rainfalls.",non-native
58,Learner Corpus (Non-Native),"This in turn results in floods because the pathway of the water has been filled with plastic wastes. Waste plastic bags pollute the earth in so many ways. The disposal of plastic bags has become a huge problem for a few years now. This is due to the fact that plastics are non-biodegradable thus they take 100s of years to decompose. Plastic bags buried deep in the earth deprive plants of certain essential elements of growth. It also releases harmful toxins or chemicals which also affects the growth of plants. Furthermore, plastic bags causes harm to animals, both aquatic and terrestrial. Animals that mistakenly feed on plastic bags or presumably thought of it as food either chokes them or stays in their digestive guts for years and prevents other food materials from being digested and this can lead to their death. Many at times, tons of plastic wastes are found in the bodies of these animals’ years after their death.",non-native
59,Learner Corpus (Non-Native),"Most health diseases disturbing humans today are caused by toxins in plastic bags. Humans are frequently exposed to such harmful substances hence acquire such diseases. Diseases such as cancer, respiratory and skin diseases are caused by the usage of plastic bags. One known and common way humans acquire such diseases is through the eating of hot food wrapped in a plastic bag. Also the extraction and manufacturing of plastic bags expose humans to very harmful substances. To sum up all these, plastics bags although very convenient and easy to use is causing more harm than we aware of. Plastic bags as it is now cannot be banned completely but measures such as encouraging people to reuse the ones they already have instead of getting new ones every single time and recycling. Also, biodegradable bags could be used instead because they decompose faster. Practicing all these measures will help save our environment.",non-native
60,Learner Corpus (Non-Native),"UGCD-20 Plastic bags are essentials that traders or shop owners use to serve customers because they are convenient. On the other hand, the convenience of these items is very harmful to our society and environment. Plastic as a substance is non-biodegradable and therefore plastic bags remain in the environment for hundreds of years polluting it greatly. Many countries around the world like China, Morocco and Bangladesh have either taxed or partially banned the use of plastic bags. However, this is not effective since the bags are being used in numerous countries like Ghana. Plastic bags should be banned totally and these are the reasons. To begin, plastic bags are not easy to recycle. Every year, trillions of plastic bags are made. In spite of the numbers that are produced, just 10% of these plastic bags end up in recycling facilities. Since plastic bags tend to get caught up in the recycling machinery, most recycling facilities do not accept them.",non-native
61,Learner Corpus (Non-Native),"Eventually, these bags are left to litter the community choke gutters or burnt and this poses danger to the environment. Also, plastic bags pollute the land and water. Plastic bags do not degrade quickly; but when they do, they breakdown chemical toxins into the soil and therefore make the land infertile for crops to grow well. The bags are light weight and can easily travel long distances by the wind. These bags enter the sea or even the oceans to threaten aquatic organisms and the world as a whole. However the plastic bags can be replaced with jute, calico or cotton which are much heavy and can decompose easily. Lastly, plastic bags are harmful to human health. Although plastic bags were made to replace paper bags, it has caused more harm and danger to human life. Plastic fragments from plastic bags can absorb pollutants which are mostly hormone- disrupting chemicals.",non-native
62,Learner Corpus (Non-Native),"Besides, marine organisms often mistake plastic bags for food and consume it. The chemicals make its way through fish and other aquatic organisms. Unfortunately, this has become one of the gradual killers of the human race. In short, though plastic bags have become a threat to the environment, this problem has been overlooked and underestimated. This is because people are not concerned with the long term effect of these portable bags they use in everyday life. Moreover all of these people keep using the bags due to its convenience. But now, the usage of plastic bags has to stop to help save our environment. UGCD-21 Plastic bags are one of the most common items found in our environment. They are thin and flexible containers generally used for packaging goods such as foods, chemicals, and magazines. And due to the chemicals used in producing these plastic bags, they take hundreds of years before they decompose.",non-native
63,Learner Corpus (Non-Native),"The production of these plastic bags began in the 1950s and five trillion plastic bags are used each year. This essay will seek to discuss the reasons why plastic bags should be banned. One reason why plastic bags should be banned is the negative impact it has on agriculture. Discarded plastics have found their way to our soil, these bags emit harmful chemicals that may leach into the agricultural produce in the soil and groundwater. Humans depend largely on agricultural produce which is threatened by plastic bags. The toxic chemicals from the plastic bags may cause a decline in agricultural production and when eaten may cause some serious health complications. Also, animals may ingest plastic bags that may be present in their food, water, or in their habitat which may cause the death of the animal, and when the animal decomposes the plastic reenter the environment. A second reason is the pollution of water bodies and drainage systems by plastic bags.",non-native
64,Learner Corpus (Non-Native),"The indiscriminate disposal of plastic bags has led to the pollution of water bodies. An example is the 'korle' lagoon in Accra Ghana. The 'korle' lagoon is one of the most polluted water body in Ghana. The constant pollution has led to constant flooding in the area which has caused the loss of several lives and properties. The pollution of water bodies has caused the government to use a lot of money to clean and purify water for domestic and agricultural purposes. The lives of aquatic animals are endangered due to their exposure to plastics, some of these animals get entangled in these plastics and some ingest them. This has caused the decline of aquatic animals and the consumption of these aquatic animals most likely dangerous for humans. Another reason for the ban on plastic bags is the negative impact on the atmosphere. The stage of decomposition of plastic bags causes the release of harmful chemicals like methane and carbon dioxide in the atmosphere.",non-native
65,Learner Corpus (Non-Native),"Exposure to these chemicals is linked to cancer, brain defects, impaired immunity, and other health complications. Moreover, plastic bags need to be banned because they are materials that cannot biodegrade. Plastic cannot decompose; it breaks down into smaller pieces. Humans discard more than half of the five trillion plastic bags produced. Only one percent gets recycled. The rest ends up in landfills, is burned, or becomes litter. In conclusion, this essay has undoubtedly stated reasons why plastic bags should be banned. And alternatives to plastic bags should be encouraged such as cotton bags, paper bags, and cardboard boxes. And also, people need to be educated on the adverse effects of plastic bags in our environment. UGCD-22 In today’s society life without plastic is nearly impossible. We depend on it for our basic needs. Plastic is a material that is used for some items such as; bags, bottles, tables and chairs.",non-native
66,Learner Corpus (Non-Native),"Plastic bags remain in their present forms in the soil or water even after several years of disposal. Being cheap and convenient, it has managed to creep into every household and has become an inevitable component in our lives. It has come to a world-wide realization that plastic bags are causing more harm than good and therefore needs to be banned. Instead of making our lives easy, these plastic bags have become the root cause of various issues such as environmental pollution and illness in humans and animals. Discussed below are some reasons for which plastic bags should be banned. First of all, plastic bags are harmful to wildlife, marine life and human health. Birds, mammals and aquatic animals often mistaken the plastic bag and other plastic materials for food and consume them. Once these plastic bags are consumed, the digestive system of animals gets congested leading to the development of health infections and death when there is suffocation.",non-native
67,Learner Corpus (Non-Native),"The toxic chemical from which these plastics are made can disrupt the normal functioning of hormones in the body. Through food web, these chemicals are transferred to humans when they consume the fishes. Humans could also develop cancers or other serious conditions which would affect their health. For this reason, plastic bags should be banned. Furthermore, plastic bags are a major cause of environmental pollution. Plastic bags are non- biodegradable and thus remain in the environment for hundreds of years polluting it immensely. Most people burn these plastics as an alternative to dispose them but the burning also causes air pollution which can affect the respiration process of humans. Some people have also created a site to collect these plastic in heaps but anytime it rains, these plastic bags are washed into gutters which causes it to be chocked and makes drainage a challenge. Notwithstanding, the rain also washes these bags into oceans and seas which also become polluted.",non-native
68,Learner Corpus (Non-Native),"This causes our beaches to be unclean and also renders our water bodies harmful for consumption. Due to this, plastic bags should be banned. Also, there are some external cost that are linked to these plastic bags, one of which could be production cost. Even though plastic bags are mostly given out for free when one purchases an item, there is a huge cost associated with its production. The raw materials or resources needed for its production could be very scarce and limited making the demand exceed supply thus affecting the price negatively. Moreover, it is difficult and expensive to remove plastic bags from our surroundings. Expensive in the sense that it really cost to hire people to undertake cleanup exercises. For this reason, plastic bags should be banned. In conclusion, plastic bag usage has become an imminent catastrophe which needs immediate attention. It is high time that we realize the importance of our environment and avoid things that can degrade it and cause our health status to depreciate.",non-native
69,Learner Corpus (Non-Native),"Should plastic bags be banned, we must understand that mere ban can never help to sort the hazardous effects of it but the introduction of its substitute will do. UGCD-23 Plastic bags are the most common form of packaging. Plastic bags are made from crude oil. Plastic bags are lightweight, water ̵ resistant, and very durable. The uttermost advantage of plastic bags has made them very popular all aspect of life, making them the equivalence of waste. In recent times, there has been the realization that plastic bags are very detrimental to our environment. It is difficult to get rid of them because plastic bags do not biodegrade. The adverse impacts of plastic bags are undeniable hence they should be banned. One of the reasons why plastic bags should be banned is because they cause a lot of environmental damage. Plastic bag waste poses serious environmental problems in most countries.",non-native
70,Learner Corpus (Non-Native),"The situation is even worsened in economically disadvantaged countries. A single plastic bag can take up to a millennium to decompose completely. This makes the bags stay in the environment longer which in turn leads to a great build up on the natural landscape. If disposed improperly, they can constitute environmental nuisance and may clog gutters and drains which may lead to flooding in case of heavy rainfall. Most of the flooding that occurs in most communities in the Greater Accra Region of Ghana is as a result of choked gutters caused by the improper disposal of plastic bag waste. Since plastic bags were introduced in the 1960s, people have used trillions of them. The more plastic bags are used, the greater the chances of environmental damage. Moreover, plastic bags poses serious threat to animal and human life. A lot of aquatic lives has been affected because of plastic in their environment.",non-native
71,Learner Corpus (Non-Native),"Plastic bags are mostly responsible for the death of huge numbers of marine species. One species that is at great risk is the already endangered leatherback turtle and amongst others including the green turtle. Turtles often mistake the floating plastic bags for food. Once they eat the plastic bags, they get caught up and wrapped around the gut or get stuck in the throat causing suffocation which would eventually lead to death. Infants and children as well stand the chance of being suffocated when they block their mouths and nostrils with them, because they are airtight. Furthermore, plastic bags should be banned because they aid in the depletion of the ozone layer. Since plastic bags do not biodegrade, the easiest way to get rid of them is to burn them up. Burning of these bags releases toxic fumes into the earth's atmosphere which in turn depletes the ozone layer. This causes temperatures to rise and contributes to global warming which can cause climate change and environmental disaster.",non-native
72,Learner Corpus (Non-Native),"Long term change in temperature, pressure, wind, precipitation and humidity presents challenges to our survival. In conclusion, the dangers posed by plastic bag usage is practically alarming. Plastic bags are basically hazardous materials in disguise. Plastic bags should therefore be banned and replaced with other forms of packaging such as paper bags. UGCD-24 Plastic is a common term for a wide span of synthetic organic solid materials suitable for the produce of industrial products. Millions of plastic products are produced each year all over the world. Plastic is used over almost every sector, including to produce packaging, in building and construction, in textiles, consumer products, transportation, electrical and electronics, and industrial machinery. The extensive chemicals that go into the production of plastics are highly toxic and pose serious threats to living things of all species of the earth. In as much as, people want plastic bags to be banned from usage because it poses danger to wildlife and causes pollution, it also has benefits such as its durability, water resistance and it’s also good for branding.",non-native
73,Learner Corpus (Non-Native),"First and foremost, plastic bags must be banned because it poses danger to wildlife, many times marine animals mistake plastic bags as jellyfish which leads in consuming the plastic bags rather, once the plastic bag is eaten, it will not be able to digest and will end up harming the animal by lodging in the gut. When it rains the rain water washes the plastic bags on the land into our water bodies. They suffocate the fishes which may lead to death or retard growth of the living things in the water bodies. Following, pollution is another drawback why plastic bags should be banned. Pollution is the introduction of harmful contaminants into the environment that cause unfavourable change. Plastic bags pollute the land, air and our water bodies, because plastic are not biodegradable, they tend to last forever without decaying when disposed of, due to the fact that plastic bags do not decompose user tend to burn them and in these case, it releases toxic and harmful chemicals into the atmosphere which causes respiratory diseases such as lung cancer and asthma.",non-native
74,Learner Corpus (Non-Native),"Plastic bags also leach into our water bodies, degrading the water quality with toxic compounds which ends up harming human and animal health. Contrary to all the problems plastic bags pose to the environment, they also have benefits such as it being durable and water resistant, much food get spoilt due to its packing, when food is packaged in paper and water gets in contact with it, it spoils but because plastic bags can survive extreme environments and do not degrade in hot and cold temperatures thus preserving the wholeness of the food inside it, and since plastic bags are durable it bring about solidity in product delivery and also protects products form dust, odours and light. Also, plastic bags are good for branding, it is easy for those who runs supermarkets to print logo, business’s name and other information on plastic bags, and the good aspect is that it is very simple to make changes in the design.",non-native
75,Learner Corpus (Non-Native),"It also attracts buyers and makes products easy to handle. To sum up, plastic bag is very useful in modern advancement and provides us with various useful articles, and it also serve as a serious threat to our environment. Plastics bags affect many people, not only the consumers but plastic bags also affect the environment and animals. It is important to ban plastic bags because they are used worldwide and are mostly used once and then thrown out and because of that we are just harming ourselves by continuing to use plastic bags. UGCD-25 Plastic bag is a type of container which is lighter in weight and serves as a form of packaging. Plastic bags are very useful and convenient and are used for containing and transporting of goods. It has become a very common commodity and an inevitable component in our daily lives. Plastics bags, though very useful, have proved to be extremely harmful to the environment.",non-native
76,Learner Corpus (Non-Native),"Three of the reasons why plastic bags should be banned are plastics bags are not biodegrade, affect human health and contribute to climate change. First of all, the main reason why plastic bags should be banned is because it cannot biodegrade. Plastics bags are non-biodegradable. They can last for many years. It does not decompose but break down into pieces and leach into the soil. The harmful chemicals in plastic bags leach and contaminate the underground water and destroy plants which serves as a source of food. Also, it litters the environment and does not make the environment a save place to live in. Hence, large amount of money need to be spent to control rate of plastic bags in the environment. Secondly, plastic bags affects human health is another reason it should be banned. Compounds such as Bisphenol-A used in the manufacturing of plastic bags release harmful chemicals into the atmosphere.",non-native
77,Learner Corpus (Non-Native),"These chemicals when inhaled into the human body can cause diseases such as lung cancer and birth defects. Also, direct contact of plastic bags with food products can lead to the transmission of these toxic chemicals into the food product and contaminate it. Hence, large dosage of these harmful chemicals into the human body can be highly detrimental to the human health and may lead to death. Furthermore, plastic bags contribute to climate change is a reason it should be banned. The production of plastic bags emits different kinds of chemicals and gases into the atmosphere. These chemicals and gases emitted contribute to global warming which result in climate change. The climate change may lead to water bodies drying up, extinction of wildlife, drought, death of animals and plant species, bush fires and destruction of food chain. Therefore, plastic bags may cause the environment not to be a safer place to live in.",non-native
78,Learner Corpus (Non-Native),"In conclusion, although plastic bags are useful and convenient, the above evidences shows that plastic bags has become a great threat to the environment. The government should ban and continually spread the awareness about the harmful effects of plastic bags and provide friendly alternatives. This will help save the environment and our earth. UGCD-26 Plastic bags are made from plastic materials. Plastic bags help us in various ways. For instance, almost every market that you go today, you will see people carrying their shopping items in plastic bags. Right from food items to clothes to shoes, there is hardly any item that we do not use a plastic bag to carry. These plastic bags have become part of our modern lives. However, as everything has its advantages, so as it has its disadvantages. The use of these plastic bags has caused a lot of harm to the environment and has also affected human health negatively.",non-native
79,Learner Corpus (Non-Native),"We use plastic bags when we go shopping, but do we even bother to know what happens to them afterwards. Therefore, the reasons why plastic bags should be banned are as follows: To begin, environmental damages is one of the reasons why plastic bags should be banned. Plastic bags have been known to cause a lot of environmental damages. A single plastic bag can take up to thousand years to decay completely. This makes the bags stay in the environment for a longer time, in turn leading to great build-up on the natural landscape. In other words, the more plastic bags you use, the greater the chances of environmental damages. Again, threat to animal lives is another reason why plastic bags should be banned. Animals like goats normally eat disposed plastic waste bags that have been thrown away. When this happens they get choked and die. Plastic bags not only have adverse effects on our natural habitats, but have also been found to be responsible for the deaths of many animals.",non-native
80,Learner Corpus (Non-Native),"Furthermore, Pollution is also a reason why plastic bags should be banned. Since the plastic bags are light in weight, they are easily blown by the wind and get stacked in trees, fences and in water bodies. The plastic bags also litter the environment when this happens and this may lead to accidents when one is driving. Also, when the plastic bags are in water bodies, they contaminate the water and make it unsafe for drinking and for human usage. This also brings about the breeding of mosquitoes which may lead to malaria and many other diseases Also, Suffocation is another reason why plastic bags should be banned. Not only animals, infants and young children have also been reported to have lost their life on account of plastic bags. Since plastic bags are thin and airtight as well, children often end up blocking their mouths and nostrils with them. In case they are not been able to be monitored by their parents or by any adult person, it leads to suffocation and, in some cases, even death.",non-native
81,Learner Corpus (Non-Native),"Nevertheless, Fumes are also reasons why plastic bags should to be banned. Since this plastic bags do not rot, they are been gathered and burnt and since they are made from chemical substances, they release toxic substances. When we breathe these substances in, they affect the respiratory system. Hence, causing harm to human health. To conclude, Plastic bags causes more harm than good to both humans and animals and therefore must be banned. UGCD-27 Plastic bags are materials made from polymers and petrochemicals, which for the past century has become mankind's greatest help regarding shopping and carrying goods and foodstuffs. Its production has been on the increase since the 20th century as a result of increased global demand. These portable and helpful bags have posed many challenges to mankind, and the ecosystem and therefore has to be banned. Non-biodegradable, harmful to wildlife and marine creatures and toxicity to human health are some reasons why plastic bags should be banned.",non-native
82,Learner Corpus (Non-Native),"To begin, plastic bags and materials are non-biodegradable. This means they cannot be easily decomposed by microorganisms, as a result of these plastic bags can stay for centuries without decaying. Research states that plastics bags we use for our purchases and errands can take 10 to 20 years to decompose when deposited; with increasing populations and demand for these plastic bags, there will always be plastic bags around as new ones are produced before the old ones get decomposed. This surviving nature of plastic bags is the reason for the recent increase in global pollution, and to reduce this there is the need to place a ban in the production of plastic bags. This will help adjust the rate of pollution. Also, plastic bags are harmful to wildlife and marine creatures. Fishes, turtles and birds mistakenly consume these pieces of plastic as food and this has resulted in increasing aquatic death, thus reducing the quantity of seafood available for consumption.",non-native
83,Learner Corpus (Non-Native),"Pets and ruminants may also consume these plastics or get entangled in them as a result of their exposure. Research reveals that more than half of global plastic waste is dumped into the ocean to the extent that large kilometres of the oceans are covered with filth of plastic waste. This has made the water toxic for aquatic life and food poisoning in the long run. To save the ocean and aquatic life, there is the need for a ban on the production of plastic materials. This will go a long way to increase available seafood to supplement the growing population. In addition, plastic bags are to be banned because they are very toxic to human health. Irritating eyes, skin diseases, lung problems, cardiovascular defects and cancer are some illnesses caused by toxic plastic materials. Fishes consuming these plastics eventually end up in our food chain. Also, the production of plastic bags also involves the use of polymers and petrochemicals which release harmful gases into our atmosphere.",non-native
84,Learner Corpus (Non-Native),"These gases are the causes of depleting ozone layer, acidic rain and air pollution resulting in respiratory diseases, and thus disrupting our ecosystem. Plastics bags and materials for the past century has resulted in grievous health challenges to mankind and therefore has to be banned. Finally, the problems posed by plastics have been overlooked for some time now. It is time all countries come together and enforce laws to help solve this problem. Individual countries can start by spreading awareness on the dangers of using plastic bags, imposing taxes as well as seeking other alternatives like paper bags and cloth or jute bags. Countries like India, South Africa and Kenya have already initiated this ban and are doing well and so the rest of the world must join to help save our planet and ecosystem. UGCD-28 Plastic bags are a convenient way to carry our purchased goods when we go shopping.",non-native
85,Learner Corpus (Non-Native),"They are a part of our modern lives, and we do not tend to think much about them. In fact, it is estimated that up to 10 million plastic bags are used every minute around the world. Let us have a look at the most important reasons why single-use plastic bags should be banned. Plastic bags contribute largely to climate change. We hear everywhere around us that we need to save energy. It is good for our environment, health and global climate but only a few of us realize that each time we accept those disposable plastic grocery bags at store checkout, we actively participate in wasting energy and depleting non-renewable resources. Most plastic bags are made of polyethylene, a substance that is derived from crude oil refining and natural gas processing. Oil and natural gas are non-renewable fossil fuel-based resources and through their extraction and production, they emit greenhouse gases, which contribute to global climate change.",non-native
86,Learner Corpus (Non-Native),"Plastic bags are harmful to wildlife and marine life. Plastic bags are often mistaken for food by animals, birds, and marine life. The consumed plastic congests the digestive tracts of these animals, and can lead to health issues such as infections, painful intestinal blockage, starvation or death by suffocation. The most heart breaking part of this is that the affected animals are not aware they eat something that will make them feel miserable and will slowly kill them. Animals can also easily become entangled in this plastic waste. There were numerous cases of birds caught in plastic bags, unable to fly and feed, eventually strangling themselves to death. Plastic bags are harmful to human health. Many of you may have heard it already. Tiny plastic particles have been found in human faeces. But is it really that surprising? Plastic bags and plastic products overall contain substances that are harmful to our health.",non-native
87,Learner Corpus (Non-Native),"The most common are inorganic dyes that are added to change the colour of plastic bags. Additionally, plastics in our digestive tract may affect absorption of some important trace elements (like iron) which we need for maintaining proper health. Plastic bags and plastic products overall contain substances that are harmful to our health. The most common are inorganic dyes that are added to change the colour of plastic bags. In conclusion, plastic bags should be banned as they disrupt the beautiful nature of our environment, are perilous to all life on the planet. There are many eco-friendly alternatives to plastic bags such as cloth bags which are also reusable. The ban on plastic bags would be most effective if the general public was made to know the adverse effects of using plastic bags through awareness campaign and the likes, We must keep reminding ourselves about the harmful effects of the plastic bags on our nature and keep a tab on their use.",non-native
88,Learner Corpus (Non-Native),"UGCD-29 A plastic bag is a container made in the form of a thin and flexible plastic film. It is a very common form of packaging. Plastic bags are made from polythene which is derived from natural gas and petroleum. They are used by almost everyone in the transportation of goods. Plastic bags are very helpful in our day-to-day activities so what happens to them after they are disposed of? They go on to pose a lot of threats to the environment. In the following paragraphs, the following are some reasons why plastic bags should be banned. To begin, plastic bags do not decay easily. They are made of polythene which does not decay easily due to its chemical composition. It takes 500 years or more for plastics to start to decay and they completely disintegrate in 1000 years. Due to this, places where plastic bags are disposed become full.",non-native
89,Learner Corpus (Non-Native),"Hence, when the plastic bags are not disposed of properly and are left anywhere on the surface of the earth they may end up in water bodies and the atmosphere since they are light in weight. When they are burnt, they release a lot of greenhouse gases into the environment which destroys the Ozone Layer and leads to Global Warming. Secondly, plastic bags can easily be replaced. Plastic bags can be replaced with bags made from organic materials such as paper and cloth which decay easily and are reusable. It would be better to use a material which is environmentally friendly as compared to making ones that cause damage to the environment considering they both serve the same purposes. Therefore, instead of the plastic bags, paper bags can be made to serve the same purpose at a lower cost as well as reduce pollution. Also, plastic bags have a lot of effect our water bodies on.",non-native
90,Learner Corpus (Non-Native),"For example, plastic bags not disposed of properly may end up in the ocean and later be consumed by marine animals. This can be dangerous to their health especially to the little animals. A report made by “No Plastic Oceans” states that every year, 1 million marine animals die from plastics. Plastic bags also harm the Coral reef. That is, the coral reef becomes sick after being exposed to plastics. Finally, the cost of recycling and cleaning up plastic waste is high. Since plastic bags do not decay easily once they are piled up they must be cleared and cleaning them up is quite costly. Recycling plastics is also quite expensive since machines and experienced personnel must be used. If these plastics bags are banned the money used to clean them up and recycle them can be put into other profitable ventures. In conclusion, plastic bags cause more harm than good and therefore should be banned in other to save this planet and to protect our environment.",non-native
91,Learner Corpus (Non-Native),"UGCD-30 Some school of thought are of the view that plastic bags are the most portable way of packaging products and handling it very easy as it can be conveyed from one place to another but from researchers, plastic bags constitutes over 50 per cent of land and water pollution making it the world's number one pollutant. In our part of the world, plastic waste management is a very big challenge. According to the country's environmental agency, about 2.58 million metric tonnes of raw plastics ends up as waste, while only 19 per cent is re-used. In the subsequent paragraphs defines out why plastic bags should be banned. To begin, plastic bags causes floods. Plastic bags is one of the major cause of flooding in Ghana. Plastic bags when not disposed well after their use end up in our drains. This causes choked gutters and hence does not allow the smooth flow of water.",non-native
92,Learner Corpus (Non-Native),"When our gutters get choked, if it rains water is not allowed to flow thereby causing floods in many parts of the country. Water ends up in the homes of many people and causes destruction to lives and properties. When this happens the government has to spend a lot of money to help flood victims which goes a long way to increase government expenditure. To continue, plastic bags also causes destruction to aquatic lives. Improper disposal of plastic bags have become a norm for most people in the country. These plastic bags are sometimes disposed of into water bodies such as rivers, lakes and the sea. This destroys the beauty of water bodies and causes destruction of aquatic lives. Most fishes die after swallowing such plastic bags. When this happens fishermen do not make enough catches from the water bodies. For this reason the few fishes they get are sold at higher prices on the market.",non-native
93,Learner Corpus (Non-Native),"This goes a long way to affect the economy of the country. To conclude, plastic bags interfering with soil fertility. When plastic bags are improperly disposed on the ground it turns to interfere with the soil fertility as plastic waste does not decompose in the soil. For this reason it may cause harm to soil living organisms and reduce the fertility of the soil. Farmers may find it difficult to harvest in large proportions. This is so because as plastic bags are in the soil and does not decompose. The soil fertility reduces so the ability of the soil to support plant growth is low hence brings about low productivity. In a nut shell, plastic bags are of essence and great help to both producers and consumers. In a country like Ghana, were plastic waste management is a major challenge. The prohibition on the use of plastic bags would be a right direction geared towards development.",non-native
94,Learner Corpus (Non-Native),"As its adverse benefits pose a great danger to the country. UGCD-31 Plastic is a synthetic material made from a wide range of organic polymers which are malleable and also can be formed into solid objects. In particular, plastic bags are the common form of packaging and are used for transporting and containing goods such as foods, chemicals, wastes etc. There are several advantages of plastic bags. Although there is a perception that plastic bags are unfriendly environmentally they help in the day to day activities of many consumers. Plastic bags are faster and easier to open and pack, this improves efficiency, they are also effective in relation to their cost. Not to mention, plastic bags have less weight and less space to store unlike other containers. Despite these advantageous facts, plastic bags have negatively affected the lives of animals, humans and the environment as a whole down the years and therefore many people believe the use of plastic bags has to cease since they have been of bad services than the good ones.",non-native
95,Learner Corpus (Non-Native),"Three of the main reasons plastic bags should be banned are, environmental damage, threat to human and animal lives and effects on climate change. To start, plastic bags have caused several threats to the lives of humans and animals. Numerous animals such as birds have been reported to die every year mainly because of plastic bags in their environment. Plastic bags not only have harmful effects on our natural habitats, but have also been found to be responsible for the death of many animals, mainly on account of the suffocation encountered on eating plastic bags. Again, infants and young children have also been reported to have lost their lives due to plastic bags. Since plastic bags are thin and airtight too, children often end up blocking their mouths and nostrils with plastic bags. In case they are not seen by an adult, this could lead to suffocation and in some cases lead to death.",non-native
96,Learner Corpus (Non-Native),"Secondly, plastic bags have been known to cause a lot of environmental damage. Research has shown that a single plastic bag can take up to thousand years before it decays completely. Due to this, the bags stay in the soil for a long period. This affects the nutrients in the soil since the plastic bags contain harmful substances and could lead to soil infertility which affects the growth of plants. Also, plastic bags produce toxic fumes when they are burnt. This leads to environmental pollution and greatly affect the environment. The third disadvantage of plastic bags which is effects on climate change is a concrete reason to ban the use of plastic bags. Since plastic bags cannot decompose, the only way to clear them off is to burn them up. Burning of plastic bags can release toxic fumes into the air, which air pollution to much higher levels. When the plastic bags are burnt, they leave lasting changes and those changes have negative effects on the climate.",non-native
97,Learner Corpus (Non-Native),"Plastic bags are usually made from polythene which consist of ethylene derived from natural gas and petroleum. When these harmful substances are released into the air, they deplete the ozone layer which affects the climate negatively which lead to bad weather conditions. To sum up, it is clearly evident that the reasons given above which are threat to human and animal lives, environmental damage and climate are reasonable enough to ban the use of plastic bags. However, plastic bags have been of good service to the society but they have caused more harm than good and therefore they have to be banned to save the whole world from falling into a pit. UGCD-32 A plastic bag is a common form of packaging. It is a type of container made of thin, flexible plastic film, nonwoven fabric or plastic textile. Plastic bags are used for containing and transporting goods such as foods, produce, powders, ice, magazines, chemicals and waste.",non-native
98,Learner Corpus (Non-Native),"The convenience of these plastic bags however, come at a very high cost to the environment and negatively affect human life and as such should be banned. Plastics should be banned because they take decades to degrade, causing everlasting pollution to the environment. Plastic bags are the major source of filth that has engulfed the environment and led to several damages. They compose about 90% of solid waste generated and littered in the environment. Thereby posing a major sanitation risk and also a serious challenge to a clean environment. Furthermore, plastic bags can be seen hanging from the branches of trees, flying in the air on windy days, settled amongst bushes and floating on rivers. They clog up gutters and drains causing water and sewage to overflow and become a breeding ground of germs and bacteria that cause diseases. The release of greenhouse gases in the atmosphere is another area for consideration.",non-native
99,Learner Corpus (Non-Native),"Some countries have introduced so-called “environmentally friendly” plastic bags. These bags take about three years to break down into practically nothing. This sounds like an attractive solution though, but the truth is that the process of breaking down these petrol-based bags causes carbon to become methane, which is a greenhouse gas. Moreover, it is possible to get ‘plastic’ bags manufactured from corn. These break down very quickly and give off no more methane than any product on landfill sites. Unfortunately, they are more expensive to produce and a few shops use them. The dangers plastic bags pose to sea life is another reason why they should be forbidden. Sea creatures are hurt and killed every day by discarded plastic bags. For instance, dead turtle with a plastic bag hanging from its mouth is not a pleasant sight but mistaking plastic bags for food is commonplace amongst marine animals. Plastic clogs their intestines and heads to slow starvation.",non-native
100,Learner Corpus (Non-Native),"Moreover, others become entangled in plastic bags and drown. Furthermore, because plastics take decades to degrade, every year our seas become ‘home’ to more and more plastic bags that find their way there through our sewers and water ways. Every plastic bag that is washed down a drain during rainfall ends up in the sea. Also, bags that are flushed down a toilet ends up in the sea. Occasionally, fishermen return from fishing with plastic waste instead of fishes. In conclusion, there is no doubt that plastic bags have been essential in our everyday lives. However, the risks they pose on the environment and human lives outweighs their merits. There is the need to create a viable environment for the upcoming generation and banning plastic bags is one of the ways forward. UGCD-33 Revolution, technology and urbanization have made plastic bags the most common commodity in human life. A study shows that, plastic bags are the invention of Sten Gustaf in the early 1960s.",non-native
